Run Name,Loss,Accuracy,F1,MCC,Precision,Recall,TrainingTime,InferenceTime
med_without_adapt,0.42270830273628235,0.8653731698607309,0.6204829136011734,0.8303786593195873,0.6200249193152939,0.6253718550887701,7669.37477016449,93.01639199256897
med_with_adapt,0.4247707800645235,0.896608197952624,0.643521551165208,0.8311997968369580,0.647358140043511,0.6397683156304610,7688.825129985809,92.9975152015686

